nh3_var,nh3_r2
0.06314473981731938,0.06314473981731938
0.11374537189389866,0.11374537189389866
0.13387330400316155,0.13387330400316155
0.11452637354348683,0.11452637354348683
0.2269718113531446,0.2269718113531446
0.14041677919525775,0.14041677919525775
0.20442504206494994,0.20442504206494994
0.19894740892310803,0.19894740892310803
0.1821083235491071,0.1821083235491071
