no2_var,no2_r2
-0.001991082236898034,-0.001991082236898034
0.023909408443216318,0.023909408443216318
0.12874736151647526,0.12874736151647526
0.0349977123016989,0.0349977123016989
0.08268510677449203,0.08268510677449203
0.17576673480455096,0.17576673480455096
0.17534817927323032,0.17534817927323032
0.17893629722504067,0.17893629722504067
0.23526985426026503,0.23526985426026503
