o3_var,o3_r2
0.010749291235652714,0.010749291235652714
0.09323818275234208,0.09323818275234208
0.1824062400395643,0.1824062400395643
0.022093241100483052,0.022093241100483052
0.3699659770279369,0.3699659770279369
0.11461672565040826,0.11461672565040826
0.4812120345273825,0.4812120345273825
0.22149085159137116,0.22149085159137116
0.42118693078264735,0.42118693078264735
