pm10_var,pm10_r2
-0.011441263392184986,-0.011441263392184986
-0.02704786637604517,-0.02704786637604517
0.20021406877146586,0.20021406877146586
0.2975514071805855,0.2975514071805855
0.2563152631232348,0.2563152631232348
0.284782748081431,0.284782748081431
0.25388232222463436,0.25388232222463436
0.3091646996068088,0.3091646996068088
0.3564997887011593,0.3564997887011593
