pm2_5_var,pm2_5_r2
0.020775178854425702,0.020775178854425702
0.4976309347564203,0.4976309347564203
0.41045826621975556,0.41045826621975556
0.6107588610812458,0.6107588610812458
0.5229587298305773,0.5229587298305773
0.5821499363409984,0.5821499363409984
0.47631029226680066,0.47631029226680066
0.6633552860900354,0.6633552860900354
0.6150635813353447,0.6150635813353447
