so2_var,so2_r2
0.1862603342006166,0.1862603342006166
0.18923792744474355,0.18923792744474355
0.44322866500373714,0.44322866500373714
0.2938468212672358,0.2938468212672358
0.2468329249857245,0.2468329249857245
0.41947574638843277,0.41947574638843277
0.4186129647016076,0.4186129647016076
0.590867885240342,0.590867885240342
0.6047048441238432,0.6047048441238432
