fold,dim,variance,r2,lr,batch,epochs
1,1,0.33664680985253614,0.33664680985253614,0.0001,128,100
